{
  "_runtime": 735.528374235,
  "_step": 6,
  "_timestamp": 1773794090.5497918,
  "_wandb.runtime": 735,
  "energy/gpu_avg_power_w": 343.11292814371257,
  "energy/gpu_wh": 10.69126340993256,
  "energy/gpu_wh_total": 64.2421409509675,
  "epoch": 6,
  "eval/checks_per_epoch": 10,
  "eval/mini_eval_batches_per_check": 8,
  "perf/flops_per_epoch_est": 3824410807227318,
  "perf/flops_per_step_est": 11450331758165.623,
  "perf/flops_per_token_est": 45029621778,
  "perf/flops_total_est": 22946464843363910,
  "perf/samples_per_sec": 88.6857685677211,
  "perf/tokens_per_sec": 753.217101022512,
  "perf/trainable_params": 7504936963,
  "reliability/non_finite_loss_count": 0,
  "summary.val/acc": 0.4646,
  "system/peak_gpu_mem_gb": 69.91572952270508,
  "time/epoch_sec": 112.757662943,
  "time/total_train_sec": 735.331516486,
  "train/fusion_alpha": null,
  "train/grad_norm": 24.374492446273553,
  "train/loss": 1.0665429692268371,
  "train/routing_entropy": null,
  "val/acc": 0.4646,
  "val/acc_max": 0.49583333333333335,
  "val/acc_min": 0.4166666666666667,
  "val/acc_mini_mean": 0.4541666666666666,
  "val/acc_std": 0.02706730294818619,
  "val/loss": 1.0649437472820282,
  "val/loss_max": 1.0866210907697678,
  "val/loss_min": 1.0507487058639526,
  "val/loss_mini_mean": 1.0690722621977329,
  "val/loss_std": 0.012338444362068818,
  "val/lr": 0.00001
}
