{
  "_runtime": 868.176356201,
  "_step": 6,
  "_timestamp": 1773796853.4210873,
  "_wandb.runtime": 868,
  "energy/gpu_avg_power_w": 310.5855658682635,
  "energy/gpu_wh": 11.318342886171958,
  "energy/gpu_wh_total": 67.94429755516421,
  "epoch": 6,
  "eval/checks_per_epoch": 10,
  "eval/mini_eval_batches_per_check": 8,
  "perf/flops_per_epoch_est": 3862187029420104,
  "perf/flops_per_step_est": 11563434219820.67,
  "perf/flops_per_token_est": 45474408984,
  "perf/flops_total_est": 23173122176520624,
  "perf/samples_per_sec": 75.82024455853481,
  "perf/tokens_per_sec": 643.948919060092,
  "perf/trainable_params": 7579068164,
  "reliability/non_finite_loss_count": 0,
  "summary.val/acc": 0.5354,
  "system/peak_gpu_mem_gb": 70.65110111236572,
  "time/epoch_sec": 131.89089613499982,
  "time/total_train_sec": 867.9799717830001,
  "train/fusion_alpha": 0.010009765625,
  "train/grad_norm": 10.6114816355081,
  "train/loss": 0.8070956960916519,
  "train/routing_entropy": 3.0647928303388485,
  "val/acc": 0.5354,
  "val/acc_max": 0.5958333333333333,
  "val/acc_min": 0.44583333333333336,
  "val/acc_mini_mean": 0.53125,
  "val/acc_std": 0.03833559775920489,
  "val/loss": 0.8322760968208313,
  "val/loss_max": 0.8864746168255806,
  "val/loss_min": 0.7633626386523247,
  "val/loss_mini_mean": 0.8250768586993218,
  "val/loss_std": 0.037252824517993874,
  "val/lr": 0.00001
}
